https://icdn.ensonhaber.com/crop/1200x0/resimler/diger/kok/2024/10/26/671cf3e8f2864183__w1200xh799.jpg,Human
https://icdn.ensonhaber.com/crop/1200x675/resimler/diger/kok/2024/10/26/671ccaa488c27856.jpg,Human
https://icdn.ensonhaber.com/crop/1200x0/resimler/diger/kok/2024/10/26/671cbd903b19c609__w1200xh675.jpg,Not Human
https://icdn.ensonhaber.com/crop/1200x0/resimler/diger/kok/2024/10/26/671c999a0a762240__w1200xh943.jpg,Human
https://icdn.ensonhaber.com/crop/1200x0/resimler/diger/kok/2024/10/24/671a42b0f0750333__w1200xh675.jpg,Not Human
https://icdn.ensonhaber.com/crop/1200x0/resimler/diger/kok/2024/10/24/671a5e52187db973__w1200xh675.jpg,Not Human
https://icdn.ensonhaber.com/crop/1200x0/resimler/diger/kok/2024/10/24/671a56bd942b1426__w1200xh1919.jpg,Human
https://icdn.ensonhaber.com/crop/1200x675/resimler/diger/kok/2024/10/24/6719b89dc56e5893.jpg,Not Human
https://icdn.ensonhaber.com/crop/1200x0/resimler/diger/kok/2024/10/23/67187fbea4380641__w1200xh675.jpg,Human
https://icdn.ensonhaber.com/crop/1200x675/resimler/diger/kok/2024/10/23/67187f08ee620731.jpg,Human
